#,Name,NameShort,NameFemale,Description,NameEnglish,Action[0],Action[1],Action[2],Action[3],Action[4],LevelMax,JobIndex,LevelUnlock[0],LevelUnlock[1],LevelUnlock[2],LevelUnlock[3],LevelUnlock[4]
0,輔助自由人,輔助自由人,,"源自某位冒險者的起點與終點的記憶。
能夠習得利於探索的輔助技能。",Phantom Freelancer,41650,41651,0,0,0,0,13,5,10,0,0,0
1,輔助騎士,輔助騎士,,"源自某位騎士的忠心與名譽的記憶。
能夠習得減輕夥伴受傷程度的輔助技能。",Phantom Knight,41588,41589,41590,41591,0,6,1,1,2,3,6,0
2,輔助狂戰士,輔助狂戰士,,"源自某位狂戰士的蠻勇與狂熱的記憶。
能夠習得高風險高收益的輔助技能。",Phantom Berserker,41592,41594,0,0,0,3,5,1,2,0,0,0
3,輔助武僧,輔助武僧,,"源自某位武僧的修行與冥想的記憶。
能夠習得精於攻擊的輔助技能。",Phantom Monk,41595,41596,41597,41598,0,6,2,1,2,3,5,0
4,輔助獵人,輔助獵人,,"源自某位獵人的自豪與慈愛的記憶。
能夠習得借助動物力量的輔助技能。",Phantom Ranger,41599,41600,41601,41602,0,6,6,1,2,4,6,0
5,輔助武士,輔助武士,,"源自某位武士的武士精神與修行的記憶。
能夠習得一擊必殺的輔助技能。",Phantom Samurai,41603,41604,41605,41606,0,5,4,1,2,3,4,0
6,輔助吟遊詩人,輔助吟遊詩人,,"源自某位吟遊詩人的詩想與狂誦的記憶。
能夠習得多彩的歌吟輔助技能。",Phantom Bard,41608,41609,41607,41610,0,4,10,1,2,3,4,0
7,輔助風水士,輔助風水士,,"源自某位風水士的自然與理氣的記憶。
能夠習得效果隨天氣改變的輔助技能。",Phantom Geomancer,41611,41612,41619,41620,0,5,9,1,2,3,4,0
8,輔助時魔道士,輔助時魔道士,,"源自某位時魔道士的法則與定理的記憶。
能夠習得操控時間的時魔法輔助技能。",Phantom Time Mage,41621,41623,41624,41622,41625,5,7,1,2,3,4,5
9,輔助砲擊士,輔助砲擊士,,"源自某位砲擊士的彈道學與戰術的記憶。
能夠習得效果多樣的砲擊輔助技能。",Phantom Cannoneer,41626,41627,41628,41629,41630,6,12,1,2,3,4,6
10,輔助藥劑師,輔助藥劑師,,"源自某位藥劑師的調和與藥效的記憶。
能夠習得使用高效藥品的輔助技能。",Phantom Chemist,41631,41633,41634,41635,0,4,8,1,2,3,4,0
11,輔助預言士,輔助預言士,,"源自某位預言士的靈感與啟示的記憶。
能夠習得延遲生效的輔助技能。",Phantom Oracle,41636,41641,41642,41643,41644,5,11,1,2,3,4,5
12,輔助盜賊,輔助盜賊,,"源自某位盜賊的俠義與特技的記憶。
能夠習得包含特殊的探索技術在內的輔助技能。",Phantom Thief,41646,41645,41647,41648,41649,6,3,1,2,3,4,5
