#,Unknown0,Unknown1,Unknown2,Unknown3,Unknown4
0,,,-1,0,0
1,防護效果提高,**防護**的效果量提高到90%,82201,1,4
2,祈禱效果提高,**祈禱**的恢復力提高到5000,82202,1,5
3,狂怒效果提高,"為自身附加**肉斬骨斷**狀態
**肉斬骨斷**持續時間內受到的傷害越高，一擊的威力越高
**持續時間：**15秒",82203,2,3
4,踢擊效果提高,**踢擊**的效果量提高到7%,82204,3,4
5,踢擊效果提高II,**踢擊**的效果量提高到9%,82205,3,6
6,狙擊效果提高,**狙擊**的效果量提高到30%，並且攻擊必定命中,82206,4,3
7,狙擊效果提高II,**狙擊**的效果量提高到50%，並且攻擊必定命中,82207,4,5
8,居合斬效果提高,居合斬的威力提高到500，即死的機率提高到10%,82208,5,5
9,歌吟效果提高,歌吟的效果量會隨吟遊詩人的輔助職業等級提升而提升,82209,6,2
10,開鎖,可以開啟迷宮中上鎖的門,82212,12,6
11,砲擊效果提高,發動砲擊時，有5%的機率對部分敵人造成即死效果,82211,9,5
12,鈴鐺效果提高,"**戰鬥之鈴**的效果量提高至5%
**休憩之鈴**的恢復力提高至3000",82210,7,5
13,,,-1,0,0
14,,,-1,0,0
15,,,-1,0,0
