#,Name,Icon,JournalCategory,Unknown0
0,,0,0,False
1,重生之境,61412,1,True
2,第七星历,61412,2,True
3,苍穹之禁城,61412,3,True
4,龙诗战争终章,61412,4,True
5,龙诗战争尾声,61412,5,True
6,红莲之狂潮,61412,6,True
7,解放战争战后,61412,7,True
8,暗影之逆焰,61412,8,True
9,拂晓回归,61412,9,True
10,末日序曲,61412,10,True
11,晓月之终途,61412,11,True
12,崭新的冒险,61412,12,True
13,金曦之遗辉,61412,13,True
14,金曦之遗辉终章,61412,14,True
15,凌冬会的密谋,61412,15,True
16,蛮神威胁,61411,16,True
17,巴哈姆特,61411,17,True
18,水晶塔,61411,18,True
19,亚历山大,61411,19,True
20,上古众神,61411,20,True
21,玛哈之影,61411,21,True
22,欧米茄时空狭缝,61411,22,True
23,欧米茄时空狭缝外传,61411,22,True
24,重返伊瓦利斯,61411,23,True
25,四圣兽奇谭,61411,24,True
26,伊甸,61411,25,True
27,寄叶异闻：暗黑天启,61411,26,True
28,神兵系列,61411,27,True
29,万魔殿,61411,28,True
30,万魔殿外传,61411,28,True
31,艾欧泽亚神话,61411,29,True
32,阿卡狄亚登天斗技场,61411,30,True
33,瓦纳·迪尔的回响,61411,31,True
34,剧情任务,61411,32,True
35,日常任务,61411,32,True
36,剧情任务,61411,33,True
37,日常任务,61411,33,True
38,剧情任务,61411,34,True
39,日常任务,61411,34,True
40,剧情任务,61411,36,True
41,日常任务,61411,36,True
42,剧情任务,61411,37,True
43,日常任务,61411,37,True
44,剧情任务,61411,38,True
45,日常任务,61411,38,True
46,剧情任务,61411,39,True
47,日常任务,61411,39,True
48,剧情任务,61411,40,True
49,日常任务,61411,40,True
50,剧情任务,61411,41,True
51,日常任务,61411,41,True
52,剧情任务,61411,42,True
53,日常任务,61411,42,True
54,剧情任务,61411,43,True
55,日常任务,61411,43,True
56,剧情任务,61411,44,True
57,日常任务,61411,44,True
58,剧情任务,61411,45,True
59,日常任务,61411,45,True
60,剧情任务,61411,46,True
61,日常任务,61411,46,True
62,剧情任务,61411,47,True
63,日常任务,61411,47,True
64,剧情任务,61411,48,True
65,日常任务,61411,48,True
66,剧情任务,61411,49,True
67,日常任务,61411,49,True
68,剧情任务,61411,50,True
69,日常任务,61411,50,True
70,剧情任务,61411,51,True
71,日常任务,61411,51,True
72,剧情任务,61411,52,True
73,日常任务,61411,52,True
74,各族盟友,61411,53,True
75,各族盟友：苍穹之章,61411,53,True
76,各族盟友：红莲之章,61411,53,True
77,各族盟友：晓月之章,61411,53,True
78,各族盟友：金曦之章,61411,35,True
79,龙诗战争外传,61411,54,True
80,拂晓回归外传,61411,54,True
81,崭新的冒险外传,61411,54,True
82,非著名调查员,61411,55,True
83,非著名调查员：苍穹之章,61411,55,True
84,非著名调查员：红莲之章,61411,55,True
85,希尔迪布兰德归来,61411,55,True
86,曼德维尔武器,61411,55,True
87,希尔迪布兰德归来：金曦之章,61411,55,True
88,黄道武器,61411,56,True
89,元灵武器,61411,56,True
90,禁地优雷卡,61411,56,True
91,天佑女王,61411,56,True
92,幻境武器,61411,56,True
93,第七灵灾回忆录,61411,58,True
94,邮差莫古力,61411,58,True
95,圣恩达利姆神学院记,61411,58,True
96,虚无界再生计划,61411,58,True
97,塔塔露的大繁荣商店,61411,58,True
98,多玛冒险者团,61411,57,True
99,多玛飞地重建记,61411,57,True
100,重建伊修加德：剧情任务,61411,57,True
101,重建伊修加德：支线任务,61411,57,True
102,莫雯卓越工具,61411,57,True
103,死者宫殿,61411,57,True
104,天之御柱,61411,57,True
105,正统优雷卡,61411,57,True
106,朝圣交错路,61411,57,True
107,无人岛开拓记,61411,57,True
108,多变迷宫,61411,57,True
109,宇宙探索：剧情任务,61411,57,True
110,宇宙探索：支线任务,61411,57,True
111,蜃景幻界新月岛,61411,57,True
112,支线任务：拉诺西亚,61411,59,True
113,支线任务：黑衣森林,61411,60,True
114,支线任务：萨纳兰,61411,61,True
115,支线任务：库尔札斯,61411,62,True
116,支线任务：摩杜纳,61411,63,True
117,支线任务：伊修加德,61411,64,True
118,支线任务：阿巴拉提亚云海,61411,65,True
119,支线任务：龙堡参天高地,61411,66,True
120,支线任务：龙堡内陆低地,61411,66,True
121,支线任务：翻云雾海,61411,66,True
122,支线任务：田园郡,61411,66,True
123,支线任务：魔大陆,61411,67,True
124,支线任务：神拳痕,61411,68,True
125,支线任务：基拉巴尼亚边区,61411,68,True
126,支线任务：基拉巴尼亚山区,61411,68,True
127,支线任务：基拉巴尼亚湖区,61411,68,True
128,支线任务：黄金港,61411,70,True
129,支线任务：红玉海,61411,69,True
130,支线任务：延夏,61411,69,True
131,支线任务：太阳神草原,61411,69,True
132,支线任务：水晶都,61411,71,True
133,支线任务：游末邦,61411,72,True
134,支线任务：雷克兰德,61411,71,True
135,支线任务：珂露西亚岛,61411,72,True
136,支线任务：安穆·艾兰,61411,73,True
137,支线任务：伊尔美格,61411,74,True
138,支线任务：拉凯提卡大森林,61411,75,True
139,支线任务：黑风海,61411,76,True
140,支线任务：旧萨雷安,61411,77,True
141,支线任务：拉札罕,61411,78,True
142,支线任务：迷津,61411,77,True
143,支线任务：萨维奈岛,61411,78,True
144,支线任务：加雷马,61411,79,True
145,支线任务：叹息海,61411,80,True
146,支线任务：厄尔庇斯,61411,81,True
147,支线任务：天外天垓,61411,82,True
148,支线任务：图莱尤拉,61411,83,True
149,支线任务：奥阔帕恰山,61411,83,True
150,支线任务：克扎玛乌卡湿地,61411,83,True
151,支线任务：亚克特尔树海,61411,83,True
152,支线任务：夏劳尼荒野,61411,84,True
153,支线任务：遗产之地,61411,84,True
154,支线任务：九号解决方案,61411,84,True
155,支线任务：活着的记忆,61411,85,True
156,剑术师任务,62301,86,True
157,格斗家任务,62302,86,True
158,斧术师任务,62303,86,True
159,枪术师任务,62304,86,True
160,弓箭手任务,62305,86,True
161,双剑师任务,62309,86,True
162,幻术师任务,62306,87,True
163,咒术师任务,62307,87,True
164,秘术师任务,62308,87,True
165,刻木匠任务,62310,88,True
166,锻铁匠任务,62311,88,True
167,铸甲匠任务,62312,88,True
168,雕金匠任务,62313,88,True
169,制革匠任务,62314,88,True
170,裁衣匠任务,62315,88,True
171,炼金术士任务,62316,88,True
172,烹调师任务,62317,88,True
173,采矿工任务,62318,89,True
174,园艺工任务,62319,89,True
175,捕鱼人任务,62320,89,True
176,骑士任务,62401,93,True
177,武僧任务,62402,93,True
178,战士任务,62403,93,True
179,龙骑士任务,62404,93,True
180,吟游诗人任务,62405,93,True
181,忍者任务,62410,93,True
182,白魔法师任务,62406,94,True
183,黑魔法师任务,62407,94,True
184,召唤师任务,62408,94,True
185,学者任务,62409,94,True
186,暗黑骑士任务,62412,93,True
187,机工士任务,62411,93,True
188,占星术士任务,62413,94,True
189,武士任务,62414,93,True
190,赤魔法师任务,62415,94,True
191,绝枪战士任务,62417,93,True
192,舞者任务,62418,93,True
193,贤者任务,62420,94,True
194,钐镰客任务,62419,93,True
195,蝰蛇剑士任务,62421,93,True
196,绘灵法师任务,62422,94,True
197,青魔法师任务,62416,94,True
198,驯兽师任务,62423,93,True
199,金属工艺部任务,61411,90,True
200,手工工艺部任务,61411,90,True
201,食药工艺部任务,61411,90,True
202,大地资源部任务,61411,90,True
203,水生资源部任务,61411,90,True
204,中庸工艺馆剧情任务,61411,90,True
205,考古系任务,62521,91,True
206,天文系任务,62521,91,True
207,医学系任务,62521,91,True
208,文化系任务,62521,91,True
209,以太系任务,62521,91,True
210,萨雷安魔法大学剧情任务,62521,91,True
211,五金店任务,62523,92,True
212,笔记工房任务,62523,92,True
213,鲜榨果艺任务,62523,92,True
214,奇珍异宝任务,62523,92,True
215,随心钓任务,62523,92,True
216,万货街剧情任务,62523,92,True
217,防护职能任务：暗影之章,62522,95,True
218,治疗职能任务：暗影之章,62522,95,True
219,物理进攻职能任务：暗影之章,62522,95,True
220,魔法进攻职能任务：暗影之章,62522,95,True
221,职能剧情任务：暗影之章,62522,95,True
222,防护职能任务：晓月之章,62522,95,True
223,治疗职能任务：晓月之章,62522,95,True
224,近战职能任务：晓月之章,62522,95,True
225,远程物理职能任务：晓月之章,62522,95,True
226,远程魔法职能任务：晓月之章,62522,95,True
227,职能剧情任务：晓月之章,62522,95,True
228,防护职能任务：金曦之章,62522,95,True
229,治疗职能任务：金曦之章,62522,95,True
230,近战职能任务：金曦之章,62522,95,True
231,远程物理职能任务：金曦之章,62522,95,True
232,远程魔法职能任务：金曦之章,62522,95,True
233,职能剧情任务：金曦之章,62522,95,True
234,黑涡团任务,61401,96,True
235,双蛇党任务,61402,96,True
236,恒辉队任务,61403,96,True
237,季节活动,61411,97,True
238,降神节,61411,97,True
239,东节,61411,97,True
240,恋人节,61411,97,True
241,恋人节&女儿节,61411,97,True
242,女儿节,61411,97,True
243,女儿节&彩蛋狩猎,61411,97,True
244,彩蛋狩猎,61411,97,True
245,金碟嘉年华,61411,97,True
246,红莲节,61411,97,True
247,新生庆典,61411,97,True
248,守护天节,61411,97,True
249,星芒节,61411,97,True
250,其他季节活动,61411,97,True
251,纪念任务,61411,98,True
252,来访者任务,61411,98,True
253,,0,0,False
254,,0,0,False
255,,0,0,False
256,,0,0,False
257,,0,0,False
258,,0,0,False
259,,0,0,False
260,,0,0,False
261,,0,0,False
262,,0,0,False
263,,0,0,False
264,,0,0,False
265,,0,0,False
266,,0,0,False
267,,0,0,False
268,,0,0,False
269,,0,0,False
270,,0,0,False
271,佣兵理符任务,62501,99,False
272,刻木匠理符任务,62502,103,False
273,锻铁匠理符任务,62503,104,False
274,铸甲匠理符任务,62504,105,False
275,雕金匠理符任务,62505,106,False
276,制革匠理符任务,62506,107,False
277,裁衣匠理符任务,62507,108,False
278,炼金术士理符任务,62508,109,False
279,烹调师理符任务,62509,110,False
280,采矿工理符任务,62510,100,False
281,园艺工理符任务,62511,101,False
282,捕鱼人理符任务,62512,102,False
283,黑涡团理符任务,62513,124,False
284,双蛇党理符任务,62514,124,False
285,恒辉队理符任务,62515,124,False
286,迷宫挑战,61801,125,False
287,大型任务,61802,125,False
288,讨伐歼灭战,61804,125,False
289,迷宫挑战,61801,126,False
290,大型任务,61802,126,False
291,讨伐歼灭战,61804,126,False
292,深层迷宫,61824,126,False
293,迷宫挑战,61801,127,False
294,大型任务,61802,127,False
295,讨伐歼灭战,61804,127,False
296,深层迷宫,61824,127,False
297,禁地优雷卡,61833,127,False
298,迷宫挑战,61801,128,False
299,大型任务,61802,128,False
300,讨伐歼灭战,61804,128,False
301,天佑女王,61838,128,False
302,迷宫挑战,61801,129,False
303,大型任务,61802,129,False
304,讨伐歼灭战,61804,129,False
305,深层迷宫,61824,129,False
306,特殊迷宫,61846,129,False
307,迷宫挑战,61801,130,False
308,大型任务,61802,130,False
309,讨伐歼灭战,61804,130,False
310,蜃景幻界新月岛,61851,130,False
311,深层迷宫,61824,130,False
312,特殊迷宫,61846,130,False
313,斗兽奇弈,61854,130,False
314,行会令,61803,125,False
315,,0,0,False
316,,0,0,False
317,,0,0,False
318,,0,0,False
319,,0,0,False
320,,0,0,False
321,,0,0,False
322,,0,0,False
323,,0,0,False
324,,0,0,False
325,,0,0,False
326,,0,0,False
327,,0,0,False
328,,0,0,False
329,,0,0,False
330,,0,0,False
331,,0,0,False
332,,0,0,False
333,,0,0,False
334,,0,0,False
335,,0,0,False
336,,0,0,False
337,,0,0,False
338,,0,0,False
339,,0,0,False
340,,0,0,False
341,,0,0,False
342,,0,0,False
343,,0,0,False
344,主线剧情任务：第六星历,0,131,False
345,支线任务：第六星历,0,131,False
346,职业任务：第六星历,0,131,False
347,特职任务：第六星历,0,131,False
348,军队任务：第六星历,0,131,False
