#,Text,String,Genre,LegacyQuestID,SortKey
0,,,0,0,0
1,无形之声,,344,0,1
2,碧海之宝,,344,1,2
3,利姆莱茵的传说,,344,2,3
4,后会无期,,344,3,4
5,倾注之光,,344,4,5
6,熟睡鬼,,344,5,6
7,成千上万的精灵,,344,6,7
8,不速之客,,344,7,8
9,火焰之日,,344,8,9
10,太阳之都,,344,9,10
11,小小的牺牲,,344,10,11
12,灾难降临,,344,11,12
13,开端,,344,12,13
14,拼死的救出作战,,344,13,14
15,利害的调停者,,344,14,15
16,异质者,,344,15,16
17,炎狱之神,,344,16,17
18,阿拉米格解放军,,344,17,18
19,重叠的未来,,344,18,19
20,债鬼致富记,,346,59,20
21,守护者启程,,346,60,21
22,硬币的正反面,,346,61,22
23,陪练对手,,346,79,23
24,自由的权利,,346,80,24
25,兴奋的代价,,346,81,25
26,断罪党的洗礼,,346,99,26
27,我们是海盗,,346,100,27
28,微笑注视吧,,346,101,28
29,巴德龙的推荐,,346,139,29
30,缪恩的推荐,,346,140,30
31,莫莫蒂的推荐,,346,141,31
32,想更换搭档,,346,143,32
33,神勇队,,346,159,33
34,昏暗之森,,346,160,34
35,从过去伸出的手,,346,161,35
36,鬼哭队,,346,179,36
37,石头与黄金,,346,180,37
38,棘手的任务,,346,181,38
39,复仇委托,,346,239,39
40,马虎的传教士,,346,240,40
41,纳尔札尔教团特约,,346,241,41
42,树精任务,,346,259,42
43,龙骑士的梦,,346,260,43
44,呼唤,,346,261,44
45,小小的老师,,346,299,45
46,小鬼,,346,300,46
47,元灵的礼物,,346,301,47
48,左耳男子,,346,319,48
49,塞壬的歌声,,346,320,49
50,迷惑之岛,,346,321,50
51,你的容颜,,346,359,51
52,芙·拉敏之花,,346,360,52
53,心脏之刃,,346,361,53
54,无言之人,,346,379,54
55,第二工作室,,346,380,55
56,师徒评价制度,,346,381,56
57,红之章,,346,399,57
58,灰之章,,346,400,58
59,白之章,,346,401,59
60,沉睡的深渊,,346,419,60
61,化身为龙的少年,,346,420,61
62,梦境或现实,,346,421,62
63,颤抖的对决,,346,439,63
64,消失的美食家,,346,440,64
65,热气毒杀事件,,346,441,65
66,时间碎片,,346,459,66
67,秘藏大作战,,346,460,67
68,逃跑的女孩,,346,461,68
69,格里达尼亚的植物根,,346,479,69
70,憧憬的大都市,,346,480,70
71,莫古力的花圃,,346,481,71
72,收拾鱼人族,,346,499,72
73,鱼塘精灵,,346,500,73
74,幸福时光,,346,501,74
75,业火的试炼,,345,626,75
76,梅尔凡海关的失败,,345,632,76
77,希望之桥,,345,633,77
78,梭鱼的复仇,,345,635,78
79,爱意满满,,345,637,79
80,茫然的海盗,,345,638,80
81,儿子的消息,,345,639,81
82,发人深思,,345,640,82
83,涟漪之音,,345,641,83
84,钓鱼革命,,345,642,84
85,月色撩人,,345,643,85
86,黑色关系,,345,645,86
87,雕刻家的野心,,345,647,87
88,梭鱼骑士团特殊任务,,345,652,88
89,小心夜路,,345,653,89
90,凶猛的火舌,,345,654,90
91,蔬菜革命,,345,655,91
92,恶作剧的序曲,,345,657,92
93,传说的灵精鼠,,345,658,93
94,恶作剧的轮舞曲,,345,659,94
95,儿子的苦斗,,345,661,95
96,丢失的日记,,345,662,96
97,藏匿的感情,,345,663,97
98,哀悼,,345,664,98
99,原初的呼唤,,345,665,99
100,森林的敌人,,345,666,100
101,把握商机的豆子,,345,667,101
102,失窃的灵魂,,345,668,102
103,幻术三皇,,345,673,103
104,轻敲门扉之人,,345,674,104
105,失眠的冒险者,,345,675,105
106,伟大的咒术老师,,345,676,106
107,顾客就是上帝,,345,678,107
108,沙荫,,345,679,108
109,污点,,345,680,109
110,被绑架的咒术师,,345,681,110
111,悲哀的咒术师,,345,682,111
112,最美的花,,345,683,112
113,地平营地的传令,,345,684,113
114,背德之名,,345,685,114
115,魔石与魔石精,,345,686,115
116,新商品东山再起,,345,689,116
117,强者的召唤,,345,694,117
118,安详的小羊,,345,705,118
119,生命的境界,,345,706,119
120,最后之民,,345,707,120
121,黄金的加护,,345,725,121
122,隐秘于咒剑中的誓约,,345,726,122
123,海雾中潜藏的黑市,,345,727,123
124,突击！传说的怪物！,,345,733,124
125,收获供奉祭祀,,345,734,125
126,与定则抗争的少女,,345,735,126
127,白浪中消失的秘宝,,345,736,127
128,海风警告,,345,743,128
129,贯穿怒涛的弹丸,,345,744,129
130,涛声中带来的幸福,,345,745,130
131,贤者阿尔德巴尔,,345,752,131
132,蜥蜴人之血,,345,753,132
133,隔壁在挖什么,,345,754,133
134,蜥蜴人之刃,,345,755,134
135,魔石精的秘密,,345,761,135
136,众神如是说,,345,762,136
137,良药苦口,,345,763,137
138,魔菇的秘密,,345,764,138
139,奇妙的崇拜信,,345,770,139
140,猎户号的美味货品,,345,771,140
141,海盗的葡萄酒,,345,772,141
142,芳香的海上男儿,,345,773,142
143,降临？贤者的彩蛋（乌尔达哈）,,345,788,143
144,贤者的彩蛋 夺还大作战（乌尔达哈）,,345,789,144
145,降临？贤者的彩蛋（格里达尼亚）,,345,793,145
146,贤者的彩蛋 夺还大作战（格里达尼亚）,,345,794,146
147,红莲节 - 烈火嘉年华 -,,345,798,147
148,守护天节 - 捣蛋鬼之谜 -,,345,799,148
149,星芒节 - 凛冬未至 -,,345,800,149
150,降神节 - 乱世雪人 -,,345,801,150
151,降临？贤者的彩蛋（利姆萨·罗敏萨）,,345,803,151
152,贤者的彩蛋 夺还大作战（利姆萨·罗敏萨）,,345,804,152
153,筹集物品的工作,,345,808,153
154,灵窟中静候的试炼,,345,809,154
155,老哥布林顾客,,345,810,155
156,情感培育之力,,345,811,156
157,情感维系之力,,345,812,157
158,情感传递之力,,345,813,158
159,滑稽的盛宴,,345,815,159
160,供给与储备,,345,816,160
161,流沙迷宫樵鸣洞,,345,817,161
162,黄金之谷,,345,818,162
163,托托·拉克侦察令,,345,820,163
164,泽梅尔要塞收复战,,345,821,164
165,黄金谷雾中行军,,345,822,165
166,樵鸣洞流沙迷宫,,345,823,166
167,栖木的约定,,345,827,167
168,黑暗中的光明,,345,828,168
169,后桅的顾客,,345,837,169
170,等价的报酬,,345,838,170
171,卫月的引导,,345,839,171
172,勇者、灰烬、利刃,,345,840,172
173,沙钟的指环,,345,847,173
174,嫌疑人男子,,345,848,174
175,[chs],,345,857,175
176,彩蛋狩猎重新开幕,,345,858,176
177,红莲节 - 轰击怪逆袭 -,,345,859,177
178,[chs],,345,860,178
179,辅城补给,,345,861,179
180,艾里克博士的讲义,,345,862,180
181,旋风的试炼,,345,866,181
182,复苏的上古武器,,345,867,182
183,闭上双眼，则希望满怀,,345,868,183
184,红月凌空，凶鸟长鸣,,345,869,184
185,来自阿巴拉提亚的战士,,347,1200,254
186,破壁,,347,1201,255
187,原始熔岩,,347,1202,256
188,英雄巡礼,,347,1203,257
189,较量,,347,1204,258
190,顶级战士,,347,1205,259
191,流浪的武僧,,347,1220,260
192,蓝色的战场,,347,1221,261
193,不和的旋律,,347,1222,262
194,脉轮的波纹,,347,1223,263
195,无明的内地,,347,1224,264
196,废王的回归,,347,1225,265
197,深渊之种,,347,1240,266
198,残光之影,,347,1241,267
199,明日之语,,347,1242,268
200,希望之瞬,,347,1243,269
201,沉眠之怒,,347,1244,270
202,无垢之人,,347,1245,271
203,黑色的法师，黑色的魔石,,347,1260,272
204,预言的时刻，献祭的鲜血,,347,1261,273
205,他乡的知己，异族的友人,,347,1262,274
206,劝诱的迷雾，阴沉的门扉,,347,1263,275
207,求索的旅途，绸缪的出路,,347,1264,276
208,黑魔的引导，法师的真实,,347,1265,277
209,骑士的誓约,,347,1280,278
210,敬仰的背影,,347,1281,279
211,失望、愤怒、责任,,347,1282,280
212,勾心斗角,,347,1283,281
213,各怀异心,,347,1284,282
214,高举骑士的圣剑,,347,1285,283
215,吟游诗人的旋律,,347,1300,284
216,弓兵的战歌,,347,1301,285
217,光阴神的境地,,347,1302,286
218,罪孽深重的愚者,,347,1303,287
219,渴求净罪之地,,347,1304,288
220,生命的赞歌,,347,1305,289
221,觉醒的龙骑士,,347,1320,290
222,战神之枪,,347,1321,291
223,无法抹消的爪痕,,347,1322,292
224,双龙邂逅,,347,1323,293
225,邪龙之声,,347,1324,294
226,苍天之龙骑士,,347,1325,295
227,贤者的秘密,,348,1400,185
228,临时加入“黑涡团”,,348,1401,186
229,黑涡团军票,,348,1402,187
230,帝国的目标,,348,1403,188
231,巨舰扬帆,,348,1404,189
232,动乱的大地,,348,1405,190
233,入伍黑涡团,,348,1406,191
234,托托·拉克千狱（利姆萨·罗敏萨）,,348,1409,192
235,泽梅尔要塞（利姆萨·罗敏萨）,,348,1410,193
236,路易索瓦盟主的秘计（利姆萨·罗敏萨）,,348,1415,194
237,泡泡大作战,,348,1416,195
238,狂暴的海盗,,348,1417,196
239,美味小甜饼大骚动,,348,1418,197
240,地底秘境,,348,1419,198
241,花油危机,,348,1425,199
242,为王狼饯行,,348,1426,200
243,地灵军营地疲劳作战,,348,1427,201
244,天降奇兵,,348,1428,202
245,路易索瓦盟主的引导（利姆萨·罗敏萨）,,348,1429,203
246,利姆萨·罗敏萨的歧路,,348,1430,204
247,向胜利前进（利姆萨·罗敏萨）,,348,1431,205
248,月下之战（利姆萨·罗敏萨）,,348,1432,206
249,撼天猛牛讨伐作战,,348,1433,207
250,贤者的刻印,,348,1600,208
251,临时加入“双蛇党”,,348,1601,209
252,双蛇党军票,,348,1602,210
253,觉悟的信息,,348,1603,211
254,和谐新纪元,,348,1604,212
255,破坏之力,,348,1605,213
256,入伍双蛇党,,348,1606,214
257,托托·拉克千狱（格里达尼亚）,,348,1609,215
258,泽梅尔要塞（格里达尼亚）,,348,1610,216
259,路易索瓦盟主的秘计（格里达尼亚）,,348,1615,217
260,遥远的循环,,348,1616,218
261,卫国的决心,,348,1617,219
262,闪光的种子,,348,1618,220
263,烈风要塞,,348,1619,221
264,吞噬尸骸之人,,348,1625,222
265,凶鸟之舞,,348,1626,223
266,鸟人军采伐所急袭作战,,348,1627,224
267,万众一心,,348,1628,225
268,路易索瓦盟主的引导（格里达尼亚）,,348,1629,226
269,格里达尼亚的歧路,,348,1630,227
270,向胜利前进（格里达尼亚）,,348,1631,228
271,月下之战（格里达尼亚）,,348,1632,229
272,大肚子豪特珀克斯讨伐作战,,348,1633,230
273,贤者的策略,,348,1800,231
274,临时加入“恒辉队”,,348,1801,232
275,恒辉队军票,,348,1802,233
276,军备的动脉,,348,1803,234
277,真财实富,,348,1804,235
278,内敌,,348,1805,236
279,入伍恒辉队,,348,1806,237
280,托托·拉克千狱（乌尔达哈）,,348,1809,238
281,泽梅尔要塞（乌尔达哈）,,348,1810,239
282,路易索瓦盟主的秘计（乌尔达哈）,,348,1815,240
283,艾斯泰姆的新制品,,348,1816,241
284,争执的结果,,348,1817,242
285,士兵就是上帝,,348,1818,243
286,灼热圣域,,348,1819,244
287,计中计,,348,1825,245
288,父子机械师,,348,1826,246
289,蜥蜴人军祭台补给断绝作战,,348,1827,247
290,狼烟峰起,,348,1828,248
291,路易索瓦盟主的引导（乌尔达哈）,,348,1829,249
292,乌尔达哈的歧路,,348,1830,250
293,向胜利前进（乌尔达哈）,,348,1831,251
294,月下之战（乌尔达哈）,,348,1832,252
295,苔角长老讨伐作战,,348,1833,253
