#,Name,Description,Icon,MKDSupportJob,LevelUnlock
0,,,-1,0,0
1,防护效果提高,**防护**的效果量提高到90%,82201,1,4
2,祈祷效果提高,**祈祷**的恢复力提高到5000,82202,1,5
3,狂怒效果提高,"为自身附加**肉斩骨断**状态
**肉斩骨断**持续时间内受到的伤害越高，一击的威力越高
**持续时间：**15秒",82203,2,3
4,踢击效果提高,**踢击**的效果量提高到7%,82204,3,4
5,踢击效果提高II,**踢击**的效果量提高到9%,82205,3,6
6,狙击效果提高,**狙击**的效果量提高到30%，并且攻击必定命中,82206,4,3
7,狙击效果提高II,**狙击**的效果量提高到50%，并且攻击必定命中,82207,4,5
8,居合斩效果提高,居合斩的威力提高到500，即死的几率提高到10%,82208,5,5
9,歌吟效果提高,歌吟的效果量会随吟游诗人的辅助职业等级提升而提升,82209,6,2
10,开锁,可以开启迷宫中上锁的门,82212,12,6
11,炮击效果提高,发动炮击时，有5%的几率即死目标,82211,9,5
12,铃铛效果提高,"**战斗之铃**的效果量提高至5%
**休憩之铃**的恢复力提高至3000",82210,7,5
13,先发制人,"进入战斗状态后，对自身附加**先发制人**状态
**先发制人效果：**自身的自动攻击间隔、战技与魔法的咏唱及复唱时间缩短
**持续时间：**25秒",82213,16,5
14,魔跳跃效果提高,魔跳跃的威力提到500，受伤减轻的效果量变为90%,82214,19,4
15,魔学习I,"可习得魔导弹和魔水流吐息
**魔导弹效果：**35%几率对目标造成等同于当前体力75%的伤害，仅对部分敌人有效
**魔水流吐息效果：**对目标及其周围的敌人发动无属性范围魔法攻击",82215,21,1
16,魔学习II,"可习得魔烈风和魔强力守护
**魔烈风效果：**对目标发动风属性魔法攻击
**魔强力守护效果：**一定时间内，令自身和周围队员所受到的伤害减轻20％",82216,21,2
17,魔学习III,"可习得魔白风
**魔白风效果：**恢复自身及周围队员的体力，恢复量等同于自身当前的体力量
习得魔烈风后可习得魔暴风
**魔暴风效果：**对目标及其周围的敌人发动风属性范围魔法攻击",82217,21,3
18,连续咏唱,"发动有咏唱时间的魔法时，对自身附加**连续咏唱**状态
**持续时间：**15秒
**连续咏唱效果：**下次咏唱魔法不需要咏唱时间
若在持续时间中发动自动攻击或能力之外的技能，会立即解除连续咏唱状态",82218,22,6
19,随机应变,在无法转换职业或战斗状态中也可以切换辅助职业,82219,0,24
