#,Text,Description
0,讨伐1只,
1,讨伐1只,
2,讨伐1只,
3,讨伐1只,
4,危命任务中获得最高评价：UNKNOWN/UNKNOWN,
5,讨伐1只,
6,讨伐1只,
7,讨伐1只,
8,讨伐1只,
9,危命任务中获得最高评价：UNKNOWN/UNKNOWN,
10,讨伐1只,
11,讨伐1只,
12,讨伐1只,
13,讨伐1只,
14,危命任务中获得最高评价：UNKNOWN/UNKNOWN,
15,讨伐1只,
16,讨伐1只,
17,讨伐1只,
18,讨伐1只,
19,危命任务中获得最高评价：UNKNOWN/UNKNOWN,
20,讨伐1只,
21,讨伐1只,
22,讨伐1只,
23,讨伐1只,
24,危命任务中获得最高评价：UNKNOWN/UNKNOWN,
25,讨伐1只,
26,讨伐1只,
27,讨伐1只,
28,讨伐1只,
29,危命任务中获得最高评价：UNKNOWN/UNKNOWN,
30,完成,
31,完成,
32,完成,
33,完成,
34,完成,
35,完成,
36,完成,需要推进支线任务“荒野秘境仙人刺谷”才能解锁此任务。
37,完成,需要推进支线任务“噩梦乐园迷途鬼区”才能解锁此任务。
38,完成,需要推进特定主线任务才能解锁此任务。
39,完成,需要推进特定主线任务才能解锁此任务。
40,完成,需要推进特定主线任务才能解锁此任务。
41,完成,需要推进特定主线任务才能解锁此任务。
42,完成,需要推进特定主线任务才能解锁此任务。
43,完成,需要推进编年史任务“交错的世界”才能解锁此任务。
44,完成,需要推进编年史任务“万年梦境的回响”才能解锁此任务。
45,完成,需要推进编年史任务“虚无之王”才能解锁此任务。
46,完成,
47,完成,
48,完成,
49,完成,需要推进特定主线任务才能解锁此任务。
50,完成,需要推进特定主线任务才能解锁此任务。
51,完成,需要推进特定主线任务才能解锁此任务。
52,完成,需要推进特定主线任务才能解锁此任务。
53,完成轻量级1,需要推进编年史任务“阿卡狄亚的挑战者”的后续特定任务才能解锁此任务。
54,完成轻量级2,需要推进编年史任务“阿卡狄亚的挑战者”的后续特定任务才能解锁此任务。
55,完成轻量级3,需要推进编年史任务“阿卡狄亚的挑战者”的后续特定任务才能解锁此任务。
56,完成轻量级4,需要推进编年史任务“阿卡狄亚的挑战者”的后续特定任务才能解锁此任务。
57,完成中量级1,需要推进编年史任务“阿卡狄亚的挑战者”的后续特定任务才能解锁此任务。
58,完成中量级2,需要推进编年史任务“阿卡狄亚的挑战者”的后续特定任务才能解锁此任务。
59,完成中量级3,需要推进编年史任务“阿卡狄亚的挑战者”的后续特定任务才能解锁此任务。
60,完成中量级4,需要推进编年史任务“阿卡狄亚的挑战者”的后续特定任务才能解锁此任务。
61,完成重量级1,需要推进编年史任务“阿卡狄亚的挑战者”的后续特定任务才能解锁此任务。
62,完成重量级2,需要推进编年史任务“阿卡狄亚的挑战者”的后续特定任务才能解锁此任务。
63,完成重量级3,需要推进编年史任务“阿卡狄亚的挑战者”的后续特定任务才能解锁此任务。
64,完成重量级4,需要推进编年史任务“阿卡狄亚的挑战者”的后续特定任务才能解锁此任务。
