0,TEXT_CTSMKDWEATHERFORECAST_00925_WEATHERFORECAST_000_000,"為了對各位的冒險有所幫助，
我們正在對這個地區的氣象變化進行觀測。
接下來向您介紹目前的天氣及未來的天氣預報。"
1,TEXT_CTSMKDWEATHERFORECAST_00925_WEATHERFORECAST_000_010,目前的天氣為**蜃景**。
2,TEXT_CTSMKDWEATHERFORECAST_00925_WEATHERFORECAST_000_020,"另外，請留意被稱為**蜃景**的天氣，
是無法被預測的。"
3,TEXT_CTSMKDWEATHERFORECAST_00925_WEATHERFORECAST_000_030,"的目前天氣為**蜃景**。
儘管無法預測**蜃景**的結束時間，
若較快結束之後的天氣應為****，持續較久的話則會為****，
在這之後的應為****，
明天這個時間則會為****。"
4,TEXT_CTSMKDWEATHERFORECAST_00925_WEATHERFORECAST_000_035,"的目前天氣為**蜃景**。
儘管無法預測**蜃景**的結束時間，
結束之後的天氣應為****，
接在這之後的應為****，
明天這個時間則應為****。"
5,TEXT_CTSMKDWEATHERFORECAST_00925_WEATHERFORECAST_000_040,"的目前天氣為**蜃景**。
儘管無法預測**蜃景**的結束時間，
若較快結束之後的天氣應為****，持續較久的話則會為****，
在這之後，****應持續一段時間，
明天這個時間則會為****。"
6,TEXT_CTSMKDWEATHERFORECAST_00925_WEATHERFORECAST_000_045,"的目前天氣為**蜃景**。
儘管無法預測**蜃景**的結束時間，
結束之後的天氣應為****，
在這之後，****應持續一段時間，
明天這個時間則會為****。"
7,TEXT_CTSMKDWEATHERFORECAST_00925_WEATHERFORECAST_000_050,"的目前天氣為****。
稍後，****與****應接踵而至，
明天這個時間則會為****。"
8,TEXT_CTSMKDWEATHERFORECAST_00925_WEATHERFORECAST_000_060,"的目前天氣為****。
稍後，****應持續一段時間，
明天這個時間則會為****。"
